City_ID,City,Country,Lat,Lng,Max Temp,Humidity,Cloudiness,Wind Speed,Current Description
0,Chara,RU,56.9064,118.2631,40.69,63,48,1.97,scattered clouds
1,Hovd,MN,48.0056,91.6419,54.54,17,0,2.1,clear sky
2,Sao Filipe,CV,14.8961,-24.4956,75.79,69,100,7.72,overcast clouds
3,Isangel,VU,-19.55,169.2667,77.94,61,96,13.65,overcast clouds
4,Vicuna,CL,-30.0319,-70.7081,47.93,52,1,2.04,clear sky
5,Butaritari,KI,3.0707,172.7902,80.82,74,18,7.45,few clouds
6,Punta Arenas,CL,-53.15,-70.9167,44.71,81,20,14.97,few clouds
7,Tongchuan,CN,35.0806,109.0897,55.08,56,100,0.47,overcast clouds
8,Upernavik,GL,72.7868,-56.1549,12.52,89,15,3.71,few clouds
9,Balabac,PH,7.9868,117.0645,83.71,76,96,4.45,overcast clouds
10,Ushuaia,AR,-54.8,-68.3,40.66,81,20,11.5,few clouds
11,Lodja,CD,-3.4833,23.4333,72.34,74,36,1.3,scattered clouds
12,Labuhan,ID,-6.8844,112.2051,80.85,85,100,5.37,overcast clouds
13,Vaini,TO,-21.2,-175.2,78.96,65,75,10.36,broken clouds
14,Nyakabindi,TZ,-2.6333,33.9833,64.62,83,89,3.58,overcast clouds
15,Anadyr,RU,64.75,177.4833,45.1,70,40,11.18,scattered clouds
16,Denpasar,ID,-8.65,115.2167,80.26,94,20,3.44,few clouds
17,Grand Gaube,MU,-20.0064,57.6608,75.6,78,22,4.0,few clouds
18,Airai,TL,-8.9266,125.4092,66.67,83,64,1.19,broken clouds
19,Caravelas,BR,-17.7125,-39.2481,74.23,74,100,7.72,overcast clouds
20,Tiksi,RU,71.6872,128.8694,17.19,88,27,5.61,scattered clouds
21,Busselton,AU,-33.65,115.3333,58.73,67,100,4.76,overcast clouds
22,Shishou,CN,29.7226,112.419,59.16,77,100,8.12,overcast clouds
23,Esperance,AU,-33.8667,121.9,51.64,72,92,16.17,light rain
24,Hermanus,ZA,-34.4187,19.2345,56.21,79,8,7.92,clear sky
25,Evensk,RU,61.95,159.2333,36.72,95,100,7.45,overcast clouds
26,Sabha,LY,27.0377,14.4283,67.91,26,0,10.11,clear sky
27,Namibe,AO,-15.1961,12.1522,71.26,67,0,2.33,clear sky
28,Rikitea,PF,-23.1203,-134.9692,76.53,72,20,21.3,few clouds
29,Bengkulu,ID,-3.8004,102.2655,77.52,90,60,3.8,broken clouds
30,Chuy,UY,-33.6971,-53.4616,59.0,86,90,3.53,overcast clouds
31,Usinsk,RU,65.9939,57.5281,45.34,93,78,8.46,broken clouds
32,Sindor,RU,62.8629,51.8905,44.06,96,98,4.79,overcast clouds
33,Broome,US,42.2506,-75.833,70.57,81,0,5.75,clear sky
34,Zverinogolovskoye,RU,54.4586,64.8542,48.38,69,38,7.2,scattered clouds
35,Cidreira,BR,-30.1811,-50.2056,63.99,94,100,6.11,moderate rain
36,Nurota,UZ,40.5614,65.6886,59.41,50,0,4.99,clear sky
37,Lebu,CL,-37.6167,-73.65,49.84,85,10,11.39,clear sky
38,Mataura,NZ,-46.1927,168.8643,50.49,69,77,3.27,broken clouds
39,Nanortalik,GL,60.1432,-45.2371,31.51,82,100,6.11,overcast clouds
40,Rio Grande,BR,-32.035,-52.0986,58.95,92,100,6.11,overcast clouds
41,Ngama,TD,11.7833,17.1667,88.14,45,28,7.96,scattered clouds
42,Timizart,DZ,36.8,4.2667,67.23,64,9,5.53,clear sky
43,Mahebourg,MU,-20.4081,57.7,75.49,69,40,5.75,scattered clouds
44,Yantal,RU,56.8471,105.2542,64.08,31,89,0.58,overcast clouds
45,Bethel,US,41.3712,-73.414,69.89,83,100,8.05,overcast clouds
46,Saskylakh,RU,71.9167,114.0833,30.02,92,100,13.31,overcast clouds
47,Kungurtug,RU,50.5994,97.5228,55.22,26,69,0.4,broken clouds
48,Castro,BR,-24.7911,-50.0119,57.83,84,100,3.62,light rain
49,Sangar,RU,63.9242,127.4739,34.25,50,39,0.29,scattered clouds
50,East London,ZA,-33.0153,27.9116,60.21,78,1,4.23,clear sky
51,Bluff,NZ,-46.6,168.3333,50.81,70,98,9.8,overcast clouds
52,Villa Carlos Paz,AR,-31.4241,-64.4978,50.4,34,100,5.01,overcast clouds
53,Clyde River,CA,70.4692,-68.5914,21.43,79,40,10.36,scattered clouds
54,Alofi,NU,-19.0595,-169.9187,78.69,61,96,11.5,overcast clouds
55,Touros,BR,-5.1989,-35.4608,78.33,87,23,11.18,few clouds
56,Yellowknife,CA,62.456,-114.3525,59.56,36,75,15.01,broken clouds
57,Tonj,SS,7.2737,28.6822,77.59,71,100,6.49,light rain
58,Lavrentiya,RU,65.5833,-171.0,31.57,99,100,4.68,snow
59,Guerrero Negro,MX,27.9769,-114.0611,67.73,58,15,18.48,few clouds
60,Namatanai,PG,-3.6667,152.4333,85.41,62,10,3.65,clear sky
61,Saint-Georges,GD,12.0564,-61.7485,80.28,83,20,20.71,few clouds
62,Niono,ML,14.2526,-5.993,85.87,12,97,10.89,overcast clouds
63,Coahuayana,MX,18.7333,-103.6833,81.01,66,100,4.25,overcast clouds
64,Azovo,RU,54.6997,73.0237,58.75,75,100,11.79,overcast clouds
65,Loa Janan,ID,-0.583,117.095,80.11,86,99,2.06,overcast clouds
66,Kununurra,AU,-15.7667,128.7333,84.18,65,0,4.61,clear sky
67,San Patricio,US,28.017,-97.5169,86.18,69,0,14.79,clear sky
68,Peskovka,RU,59.0448,52.3606,42.89,96,31,6.13,scattered clouds
69,Bosaso,SO,11.2842,49.1816,83.66,48,0,5.59,clear sky
70,Port Alfred,ZA,-33.5906,26.891,59.92,81,0,5.97,clear sky
71,Beibei,CN,29.8256,106.4339,63.25,93,100,2.71,overcast clouds
72,Port-Gentil,GA,-0.7193,8.7815,80.69,84,100,8.79,light rain
73,Lashio,MM,22.9333,97.75,70.03,94,91,1.19,overcast clouds
74,Albany,US,42.6001,-73.9662,74.05,77,100,4.72,overcast clouds
75,Tuktoyaktuk,CA,69.4541,-133.0374,24.8,80,100,11.5,overcast clouds
76,Puerto Ayora,EC,-0.7393,-90.3518,72.55,95,98,1.01,overcast clouds
77,Pavlysh,UA,48.9176,33.3569,51.4,84,6,8.99,clear sky
78,Iqaluit,CA,63.7506,-68.5145,22.73,74,75,20.71,broken clouds
79,Barrow,US,71.2906,-156.7887,30.22,86,0,18.41,clear sky
80,Arman,RU,59.7,150.1667,41.02,92,100,12.73,light rain
81,Kavieng,PG,-2.5744,150.7967,84.67,64,33,6.22,scattered clouds
82,Ponta Do Sol,PT,32.6667,-17.1,67.01,83,26,7.47,scattered clouds
83,Susangerd,IR,31.5608,48.1831,80.15,14,3,8.57,clear sky
84,Narsaq,GL,60.9167,-46.05,39.42,79,100,2.91,overcast clouds
85,Lasa,IT,46.6166,10.7002,59.88,91,56,1.72,broken clouds
86,Siwana,IN,25.6333,72.4167,82.06,56,0,11.86,clear sky
87,Paracuru,BR,-3.41,-39.0306,82.11,86,97,10.2,overcast clouds
88,Arawa,PG,-6.2132,155.5367,87.73,61,26,4.14,scattered clouds
89,Cape Town,ZA,-33.9258,18.4232,60.91,76,0,8.99,clear sky
90,Port Elizabeth,ZA,-33.918,25.5701,52.32,95,0,4.61,clear sky
91,Alta Floresta,BR,-9.8756,-56.0861,77.94,71,97,0.72,light rain
92,Bondo,CD,3.8146,23.6866,66.51,92,96,1.5,overcast clouds
93,Quatre Cocos,MU,-20.2078,57.7625,75.31,78,13,10.63,few clouds
94,Saldanha,ZA,-33.0117,17.9442,51.85,83,0,10.11,clear sky
95,Gimli,CA,50.6336,-96.9907,50.02,62,100,9.22,overcast clouds
96,Kapaa,US,22.0752,-159.319,82.38,75,20,13.8,few clouds
97,Jeremie,HT,18.65,-74.1167,79.54,77,100,3.29,overcast clouds
98,Nikolskoye,RU,59.7035,30.7861,44.8,97,70,4.83,broken clouds
99,Port-Cartier,CA,50.0334,-66.8654,52.75,72,63,3.02,broken clouds
100,Talakan,RU,50.3167,130.3667,44.02,60,95,14.43,overcast clouds
101,Ambovombe,MG,-25.1667,46.0833,64.76,86,0,2.44,clear sky
102,Georgetown,MY,5.4112,100.3354,82.33,93,20,2.3,few clouds
103,Vanavara,RU,60.34,102.2797,61.61,40,12,2.33,few clouds
104,Jamestown,US,42.097,-79.2353,73.04,60,40,0.0,scattered clouds
105,Qaqortoq,GL,60.7167,-46.0333,31.33,79,100,3.51,overcast clouds
106,Hithadhoo,MV,-0.6,73.0833,82.38,69,63,7.76,broken clouds
107,Pevek,RU,69.7008,170.3133,30.83,98,100,14.38,light snow
108,Plettenberg Bay,ZA,-34.0527,23.3716,55.69,76,0,3.47,clear sky
109,Rockport,US,28.0206,-97.0544,82.99,79,0,13.8,clear sky
110,Provideniya,RU,64.3833,-173.3,34.86,95,100,7.45,overcast clouds
111,Itaituba,BR,-4.2761,-55.9836,74.93,99,95,1.63,moderate rain
112,Vestmannaeyjar,IS,63.4427,-20.2734,46.44,90,100,23.44,overcast clouds
113,Luderitz,NA,-26.6481,15.1594,61.14,41,61,8.16,broken clouds
114,La Macarena,CO,2.1837,-73.7849,70.5,99,100,1.14,overcast clouds
115,Avarua,CK,-21.2078,-159.775,80.65,69,75,6.91,broken clouds
116,Geraldton,AU,-28.7667,114.6,59.41,88,75,3.44,broken clouds
117,Lorengau,PG,-2.0226,147.2712,85.5,63,100,7.76,overcast clouds
118,Satellite Beach,US,28.1761,-80.5901,79.09,80,0,10.36,clear sky
119,Ayan,RU,56.45,138.1667,36.0,92,100,16.6,light rain
120,Asosa,ET,10.0667,34.5333,66.72,73,100,4.18,overcast clouds
121,Aden,YE,12.7794,45.0367,88.16,43,9,4.47,clear sky
122,Tasiilaq,GL,65.6145,-37.6368,26.76,77,100,3.04,overcast clouds
123,Husavik,IS,66.0449,-17.3389,38.59,83,99,9.15,overcast clouds
124,Pungesti,RO,46.7,27.3333,53.04,70,69,3.74,broken clouds
125,Mar Del Plata,AR,-38.0023,-57.5575,49.95,72,0,6.91,clear sky
126,Adrar,MR,20.5022,-10.0711,85.06,12,95,9.8,overcast clouds
127,Yinchuan,CN,38.4681,106.2731,59.72,12,63,4.21,broken clouds
128,Havelock,US,34.8791,-76.9013,71.92,91,20,8.05,few clouds
129,Staryy Nadym,RU,65.6118,72.6842,45.75,97,75,8.77,broken clouds
130,Los Llanos De Aridane,ES,28.6585,-17.9182,64.15,75,75,7.0,broken clouds
131,Dikson,RU,73.5069,80.5464,30.63,87,100,1.83,overcast clouds
132,Pareora,NZ,-44.4871,171.2132,52.18,97,100,7.45,moderate rain
133,Strohonivka,UA,44.9431,34.1973,52.2,65,8,4.25,clear sky
134,Bone,DE,51.9669,12.1396,50.83,81,41,3.85,scattered clouds
135,Preobrazheniye,RU,42.9019,133.9064,53.33,56,0,12.08,clear sky
136,Saint-Philippe,RE,-21.3585,55.7679,69.39,78,41,8.57,light rain
137,Katsuura,JP,35.1333,140.3,62.78,78,100,22.06,overcast clouds
138,Vardo,NO,70.3705,31.1107,35.58,100,100,2.3,overcast clouds
139,Kadhan,PK,24.481,68.9859,81.72,76,0,16.87,clear sky
140,Jumla,NP,29.2747,82.1838,58.75,76,3,1.23,clear sky
141,Samfya,ZM,-11.3649,29.5565,56.3,71,0,6.49,clear sky
142,Thompson,CA,55.7435,-97.8558,42.96,100,100,3.44,overcast clouds
143,Misratah,LY,32.3754,15.0925,68.0,60,0,9.48,clear sky
144,Sola,VU,-13.8833,167.55,83.07,70,100,6.91,overcast clouds
145,Nizhnevartovsk,RU,60.9344,76.5531,55.42,82,0,7.0,clear sky
146,Kruisfontein,ZA,-34.0033,24.7314,51.37,88,0,4.94,clear sky
147,Chama,CH,47.1821,8.4636,60.24,75,14,0.0,few clouds
148,Codrington,AU,-38.2667,141.9667,63.99,60,0,21.05,clear sky
149,Filadelfia,US,39.9523,-75.1638,68.2,95,100,3.44,overcast clouds
150,Mahanoro,MG,-19.9,48.8,67.57,84,9,4.72,clear sky
151,Gat,IL,31.61,34.7642,74.08,81,99,8.37,overcast clouds
152,Qaanaaq,GL,77.484,-69.3632,14.0,75,23,5.99,few clouds
153,Belaya Gora,RU,68.5333,146.4167,24.78,82,100,6.31,overcast clouds
154,Matagami,CA,49.7502,-77.6328,78.91,41,0,6.91,clear sky
155,Pilar,BR,-9.5972,-35.9567,73.33,92,18,1.07,few clouds
156,Orsha,BY,54.5153,30.4053,42.89,98,100,7.92,overcast clouds
157,Arraial Do Cabo,BR,-22.9661,-42.0278,69.76,83,75,3.44,broken clouds
158,Urucui,BR,-7.2294,-44.5561,81.77,51,89,3.4,overcast clouds
159,Aswan,EG,24.0934,32.907,86.81,22,0,11.36,clear sky
160,Fortuna,US,40.5982,-124.1573,66.92,78,0,13.8,clear sky
161,Saint-Joseph,RE,-21.3667,55.6167,68.38,76,22,9.04,few clouds
162,Ilulissat,GL,69.2167,-51.1,26.62,54,40,4.61,scattered clouds
163,New Norfolk,AU,-42.7826,147.0587,63.88,61,10,7.0,clear sky
164,Lata,PT,40.1629,-8.3327,59.04,92,62,4.7,broken clouds
165,Longyearbyen,SJ,78.2186,15.6401,28.24,74,75,5.75,broken clouds
166,Cururupu,BR,-1.8283,-44.8683,76.53,93,100,3.83,overcast clouds
167,Camacha,PT,33.0833,-16.3333,62.02,88,20,4.61,few clouds
168,Naze,JP,28.3667,129.4833,65.32,80,100,11.45,light rain
169,Hilo,US,19.7297,-155.09,87.28,77,75,12.66,broken clouds
170,Nalut,LY,30.3333,10.85,68.94,20,0,7.96,clear sky
171,Marquette,US,46.5333,-87.6335,72.84,84,96,5.19,overcast clouds
172,Atuona,PF,-9.8,-139.0333,78.17,79,21,17.85,light rain
173,Nabire,ID,-3.3667,135.4833,84.33,67,100,2.57,overcast clouds
174,Kahului,US,20.8947,-156.47,84.22,51,20,24.16,few clouds
175,Snezhnogorsk,RU,69.1933,33.2531,35.38,77,56,3.13,broken clouds
176,Isabela,PH,6.7085,121.9711,80.65,93,100,4.56,moderate rain
177,Bubaque,GW,11.2833,-15.8333,78.67,81,17,15.14,few clouds
178,Olafsvik,IS,64.8945,-23.7142,40.98,89,100,20.18,moderate rain
179,Talaya,RU,61.3833,152.75,37.54,95,100,2.3,overcast clouds
180,Ouegoa,NC,-20.35,164.4333,79.21,69,87,11.72,overcast clouds
181,Sarakhs,IR,36.5449,61.1577,57.34,51,0,2.3,clear sky
182,Avera,US,33.194,-82.5271,75.25,56,100,2.48,overcast clouds
183,Bandarbeyla,SO,9.4942,50.8122,80.74,86,10,20.07,clear sky
184,Takoradi,GH,4.8845,-1.7554,79.56,84,100,3.85,overcast clouds
185,Canelli,IT,44.7215,8.2924,64.54,75,97,4.7,overcast clouds
186,Ewa Beach,US,21.3156,-158.0072,84.15,45,40,14.97,scattered clouds
187,Kalemie,CD,-5.9475,29.1947,70.03,81,26,2.59,scattered clouds
188,Camopi,GF,3.1655,-52.3158,73.6,99,100,2.37,moderate rain
189,Cherskiy,RU,68.75,161.3,27.37,86,99,20.58,overcast clouds
190,Otuzco,PE,-7.9,-78.5833,52.32,83,95,1.57,light rain
191,Taoudenni,ML,22.6783,-3.9836,82.72,9,40,11.36,scattered clouds
192,Aklavik,CA,68.2191,-135.0107,29.75,69,100,5.48,overcast clouds
193,Belyy Yar,RU,53.6039,91.3903,53.49,47,0,4.47,clear sky
194,Dingle,PH,10.9995,122.6711,84.29,70,55,4.68,moderate rain
195,Salimpur,IN,28.128,76.2766,89.29,19,0,9.93,clear sky
196,Hobart,AU,-42.8794,147.3294,64.22,61,75,3.0,broken clouds
197,Merauke,ID,-8.4667,140.3333,83.07,64,17,6.22,few clouds
198,Adre,TD,13.4667,22.2,78.96,58,100,17.78,overcast clouds
199,Nome,US,64.5011,-165.4064,35.67,69,100,9.22,overcast clouds
200,Klyuchevskiy,RU,53.5317,119.4519,48.42,37,23,3.85,few clouds
201,Salalah,OM,17.0151,54.0924,82.49,61,3,2.3,clear sky
202,Cabo San Lucas,MX,22.8909,-109.9124,94.3,32,40,16.11,scattered clouds
203,Haikou,CN,20.0458,110.3417,80.73,94,20,4.47,few clouds
204,Baghdad,IQ,33.3406,44.4009,67.91,28,0,8.05,clear sky
205,Leshukonskoye,RU,64.8989,45.7622,44.58,97,94,6.71,light rain
206,Qasigiannguit,GL,68.8193,-51.1922,26.85,88,18,5.37,few clouds
207,Tura,IN,25.5198,90.2201,76.41,96,86,8.28,overcast clouds
208,Kure,JP,34.2333,132.5667,65.52,49,100,1.39,light rain
209,Nishihara,JP,26.1842,127.7558,74.48,97,100,16.11,light intensity shower rain
210,Kaitangata,NZ,-46.2817,169.8464,52.92,69,60,5.73,broken clouds
211,Constitucion,CL,-35.3333,-72.4167,52.18,58,0,5.55,clear sky
212,Flin Flon,CA,54.7682,-101.865,34.32,97,100,10.58,overcast clouds
213,Hokitika,NZ,-42.7167,170.9667,58.77,95,100,4.88,overcast clouds
214,Chokurdakh,RU,70.6333,147.9167,19.31,87,100,1.9,overcast clouds
215,Zemio,CF,5.0314,25.1361,67.62,97,57,2.66,broken clouds
216,Tiznit,MA,29.5833,-9.5,65.93,66,82,3.2,broken clouds
217,Bredasdorp,ZA,-34.5322,20.0403,52.09,87,0,3.06,clear sky
218,Mao,ES,39.8885,4.2658,63.16,82,0,4.61,clear sky
219,Skibbereen,IE,51.55,-9.2667,48.36,87,33,4.7,scattered clouds
220,Hasaki,JP,35.7333,140.8333,63.0,64,100,16.71,overcast clouds
221,Torbay,CA,47.6666,-52.7314,33.39,90,40,5.99,scattered clouds
222,Krasnyye Barrikady,RU,46.2045,47.8535,59.0,88,0,6.71,clear sky
223,Mutsu,JP,41.2894,141.2169,55.58,62,100,14.7,overcast clouds
224,Saint George,US,37.1041,-113.5841,94.42,6,0,7.0,clear sky
225,Isla Mujeres,MX,21.2311,-86.731,80.65,67,0,9.86,clear sky
226,Alto Araguaia,BR,-17.3147,-53.2153,71.13,61,27,0.94,scattered clouds
227,Muros,ES,42.7762,-9.0603,64.83,77,100,16.89,overcast clouds
228,Bathsheba,BB,13.2167,-59.5167,81.21,74,40,17.27,scattered clouds
229,Omboue,GA,-1.5746,9.2618,77.83,92,100,4.54,overcast clouds
230,Tecoanapa,MX,16.5167,-98.75,84.27,70,100,9.08,overcast clouds
231,Vredendal,ZA,-31.6683,18.5012,53.42,63,0,3.38,clear sky
232,Eyl,SO,7.9803,49.8164,82.29,71,12,15.05,few clouds
233,Messina,IT,38.1933,15.5497,66.78,56,0,11.5,clear sky
234,Kodiak,US,57.79,-152.4072,53.11,40,20,12.66,few clouds
235,Mbini,GQ,1.574,9.6134,78.94,87,100,5.61,overcast clouds
236,Hofn,IS,64.2539,-15.2082,41.14,91,100,13.22,overcast clouds
237,Whyalla,AU,-33.0333,137.5833,64.76,52,0,16.31,clear sky
238,Meulaboh,ID,4.1363,96.1285,79.05,88,100,0.83,overcast clouds
239,Itoman,JP,26.1247,127.6694,75.22,96,75,16.11,heavy intensity shower rain
240,Pemangkat,ID,1.1667,108.9667,82.45,71,88,4.5,overcast clouds
241,Mega,ET,4.05,38.3,56.5,91,84,10.89,broken clouds
242,Riohacha,CO,11.5444,-72.9072,87.91,62,20,13.8,few clouds
243,Puerto Del Rosario,ES,28.5004,-13.8627,69.55,73,0,5.75,clear sky
244,Bambous Virieux,MU,-20.3428,57.7575,75.45,69,40,5.75,scattered clouds
245,Bataipora,BR,-22.2953,-53.2711,64.51,98,100,5.66,moderate rain
246,Severo-Kurilsk,RU,50.6789,156.125,39.06,92,100,25.97,overcast clouds
247,Ribeira Grande,PT,38.5167,-28.7,60.03,67,41,27.07,scattered clouds
248,Panguna,PG,-6.3164,155.4848,83.14,54,37,1.39,scattered clouds
249,Talnakh,RU,69.4865,88.3972,40.21,100,100,5.99,overcast clouds
250,Le Port,RE,-20.9373,55.2919,71.56,73,38,4.52,scattered clouds
251,Chabahar,IR,25.2919,60.643,81.52,75,0,2.15,clear sky
252,Omsukchan,RU,62.5333,155.8,34.47,98,100,5.21,overcast clouds
253,Carnarvon,AU,-24.8667,113.6333,64.6,49,0,18.37,clear sky
254,Shahrud,IR,36.4182,54.9763,55.38,45,0,4.0,clear sky
255,Mingaora,PK,34.7758,72.3625,76.53,20,96,7.76,overcast clouds
256,Ulladulla,AU,-35.35,150.4667,67.77,76,100,0.78,light rain
257,Sur,OM,22.5667,59.5289,82.09,54,0,3.85,clear sky
258,Raga,SS,8.4596,25.678,72.37,87,100,3.56,light rain
259,Todos Santos,MX,23.45,-110.2167,70.66,65,100,4.81,overcast clouds
260,Margate,GB,51.3813,1.3862,57.31,87,52,10.51,broken clouds
261,Pontianak,ID,-0.0333,109.3333,78.78,94,20,3.44,few clouds
262,Muriwai Beach,NZ,-36.8167,174.45,67.42,80,100,15.77,light rain
263,Stromness,GB,58.965,-3.296,46.87,88,100,5.99,overcast clouds
264,Dnestrovsc,MD,46.6222,29.9133,54.43,75,68,7.27,broken clouds
265,Khatanga,RU,71.9667,102.5,34.32,100,100,11.43,overcast clouds
266,Bantul,ID,-7.8881,110.3289,82.2,80,100,0.98,overcast clouds
267,Nouadhibou,MR,20.931,-17.0347,75.18,53,100,20.71,overcast clouds
268,Deputatskiy,RU,69.3,139.9,18.95,86,100,5.66,overcast clouds
269,Vizinga,RU,61.0749,50.1031,43.79,93,100,4.12,overcast clouds
270,Lagoa,PT,39.05,-27.9833,58.68,66,10,29.82,clear sky
271,Marsh Harbour,BS,26.5412,-77.0636,78.01,81,45,10.98,scattered clouds
272,Tulun,RU,54.5611,100.5792,64.58,33,14,3.4,few clouds
273,Srandakan,ID,-7.9386,110.2506,82.42,80,100,1.92,overcast clouds
274,Komsomolskiy,UZ,40.4272,71.7189,59.72,82,75,2.3,light rain
275,Buala,SB,-8.145,159.5921,84.9,68,80,0.89,broken clouds
276,Yanam,IN,16.7333,82.2167,84.22,81,13,3.09,few clouds
277,Marzuq,YE,14.4,46.4667,69.21,20,5,3.56,clear sky
278,Herat,AF,34.5,62.0,54.52,54,0,25.77,clear sky
279,Ucluelet,CA,48.9329,-125.5528,51.1,92,100,3.0,overcast clouds
280,Xining,CN,36.6167,101.7667,42.35,66,98,1.99,overcast clouds
281,Talara,PE,-4.5772,-81.2719,70.56,73,0,10.36,clear sky
282,Waipawa,NZ,-41.4122,175.5153,54.1,96,100,5.64,light rain
283,Pisco,PE,-13.7,-76.2167,64.45,82,100,5.75,overcast clouds
284,Padang,ID,-0.9492,100.3543,78.85,77,4,2.06,clear sky
285,Marsa Matruh,EG,31.3525,27.2453,61.0,82,0,5.75,clear sky
286,Qingdao,CN,36.0986,120.3719,60.4,59,0,2.24,clear sky
287,Port Blair,IN,11.6667,92.75,78.84,94,75,8.05,broken clouds
288,Magnitogorsk,RU,53.4186,59.0472,43.63,87,40,6.71,scattered clouds
289,Mount Isa,AU,-20.7333,139.5,74.97,46,0,9.22,clear sky
290,Vytegra,RU,61.0064,36.4481,38.8,99,100,4.16,overcast clouds
291,Gushikawa,JP,26.3544,127.8686,74.43,96,100,14.97,heavy intensity rain
292,Ancud,CL,-41.8697,-73.8203,45.86,87,0,6.73,clear sky
293,Bemidji,US,47.4736,-94.8803,60.57,53,100,18.41,overcast clouds
294,Tias,ES,28.9611,-13.645,65.88,77,0,3.44,clear sky
295,Yambio,SS,4.5721,28.3955,67.19,91,88,3.8,overcast clouds
296,Simbahan,PH,6.3032,120.5836,82.71,75,100,11.34,overcast clouds
297,Manama,BH,26.2154,50.5832,82.35,61,0,17.27,clear sky
298,Karaton,ID,-6.3424,106.1045,81.1,76,100,0.72,overcast clouds
299,Oussouye,SN,12.485,-16.5469,77.18,78,1,9.48,clear sky
300,Praia,CV,14.9215,-23.5087,81.14,47,0,27.63,clear sky
301,Hamilton,US,39.1834,-84.5333,66.72,92,75,12.66,thunderstorm
302,Imphal,IN,24.8167,93.95,71.94,91,100,1.66,overcast clouds
303,Sistranda,NO,63.7256,8.834,42.76,73,99,23.2,overcast clouds
304,Oistins,BB,13.0667,-59.5333,80.69,74,40,17.27,scattered clouds
305,Tuatapere,NZ,-46.1333,167.6833,53.85,72,19,3.98,few clouds
306,Henties Bay,NA,-22.116,14.2845,58.77,75,0,5.88,clear sky
307,Pavlodar,KZ,52.3,76.95,64.2,59,40,8.95,scattered clouds
308,Shiyan,CN,32.6475,110.7781,60.75,66,100,5.23,overcast clouds
309,Nanakuli,US,21.3906,-158.1547,84.15,44,20,13.8,few clouds
310,Alyangula,AU,-13.8483,136.4192,80.42,49,6,3.18,clear sky
311,Jalalabad,AF,34.4265,70.4515,84.38,21,100,3.15,overcast clouds
312,Gap,FR,44.6667,6.0,41.83,93,86,2.01,overcast clouds
313,Salina Cruz,MX,16.1667,-95.2,86.13,57,25,8.75,scattered clouds
314,San Cristobal,VE,7.7669,-72.225,75.38,91,96,2.77,overcast clouds
315,Yar-Sale,RU,66.8333,70.8333,35.22,100,100,5.66,overcast clouds
316,Rumonge,BI,-3.9736,29.4386,70.66,82,100,5.3,overcast clouds
317,Mattru,SL,7.6244,-11.8332,75.49,96,100,1.48,overcast clouds
318,Mariental,NA,-24.6333,17.9667,58.03,28,0,8.95,clear sky
319,Kaminokawa,JP,36.4333,139.9167,59.11,79,100,6.8,overcast clouds
320,Tabou,CI,4.423,-7.3528,77.77,88,100,2.93,overcast clouds
321,Kuhdasht,IR,33.535,47.6061,59.63,27,0,4.36,clear sky
322,Aranos,NA,-24.1333,19.1167,57.96,28,0,10.69,clear sky
323,Kabalo,CD,-6.05,26.9167,68.77,73,56,3.76,broken clouds
324,Ormara,PK,25.2088,64.6357,81.82,83,0,13.11,clear sky
325,Tshane,BW,-24.0196,21.8684,60.24,31,1,6.38,clear sky
326,Mitsamiouli,KM,-11.3847,43.2844,79.47,73,0,5.7,clear sky
327,Calatayud,ES,41.3535,-1.6432,60.76,78,65,4.05,broken clouds
328,Shanghai,CN,31.2222,121.4581,64.92,54,0,4.47,clear sky
329,Ugoofaaru,MV,5.6667,73.0,83.82,73,100,21.43,moderate rain
330,Okahandja,NA,-21.9833,16.9167,56.19,28,0,7.07,clear sky
331,Praya,CV,14.9215,-23.5087,81.14,47,0,27.63,clear sky
332,Coolum Beach,AU,-26.5333,153.1,79.34,91,32,5.26,scattered clouds
333,Rovaniemi,FI,66.5,25.7167,44.01,65,0,4.61,clear sky
334,Romny,UA,50.751,33.4747,44.76,95,13,8.21,few clouds
335,Itiuba,BR,-10.6917,-39.8536,72.1,79,46,7.67,scattered clouds
336,Prainha,BR,-1.8,-53.48,74.57,98,100,3.18,overcast clouds
337,Kupang,ID,-10.1667,123.5833,84.06,68,13,5.08,few clouds
338,Tuy Hoa,VN,13.0833,109.3,84.31,75,94,4.32,overcast clouds
339,Trofors,NO,65.5333,13.4063,38.53,98,100,7.25,light rain
340,College,US,64.8569,-147.8028,49.95,66,75,1.01,shower rain
341,Srednekolymsk,RU,67.45,153.6833,27.0,82,100,5.5,overcast clouds
342,Doka,SD,13.5167,35.7667,85.73,44,5,9.53,clear sky
343,Mount Gambier,AU,-37.8333,140.7667,58.91,88,40,13.8,scattered clouds
344,Inongo,CD,-1.95,18.2667,70.41,98,100,1.77,light rain
345,Katangli,RU,51.7102,143.2326,32.88,99,100,20.76,light snow
346,Lagunillas,VE,10.1301,-71.2595,82.56,76,100,7.63,overcast clouds
347,Santa Rosa,PH,14.3122,121.1114,90.09,74,52,3.87,broken clouds
348,Abu Samrah,SY,35.3029,37.1841,75.36,35,100,17.47,overcast clouds
349,Lucapa,AO,-8.4192,20.7447,66.25,59,0,3.69,clear sky
350,Kasongo-Lunda,CD,-6.4667,16.8167,69.78,94,15,1.32,few clouds
351,Victoria,HK,22.2855,114.1577,75.25,93,100,17.0,overcast clouds
352,Chodavaram,IN,17.8333,82.95,82.24,83,53,3.89,broken clouds
353,Praia Da Vitoria,PT,38.7333,-27.0667,58.75,88,20,16.67,light intensity shower rain
354,Yerbogachen,RU,61.2767,108.0108,59.31,46,31,3.4,scattered clouds
355,Bontang,ID,0.1333,117.5,80.96,79,61,3.96,broken clouds
356,Rawson,AR,-43.3002,-65.1023,49.6,46,0,18.54,clear sky
357,Kattivakkam,IN,13.2167,80.3167,84.29,90,100,12.37,overcast clouds
358,Vila Do Maio,CV,15.1333,-23.2167,81.39,86,100,17.9,overcast clouds
359,Melito Di Porto Salvo,IT,37.9222,15.7714,67.14,48,4,11.5,clear sky
360,Wanning,CN,18.8003,110.3967,84.52,78,71,6.85,broken clouds
361,Iwanai,JP,42.9744,140.5089,56.21,62,5,10.2,clear sky
362,Boz,FR,46.4071,4.9109,53.4,92,63,0.63,broken clouds
363,Itarema,BR,-2.9248,-39.9167,78.3,88,39,12.06,scattered clouds
364,Guarapuava,BR,-25.3953,-51.4581,54.81,99,100,1.41,overcast clouds
365,Swan River,CA,52.1058,-101.2676,46.29,66,100,13.8,light rain
366,Jales,BR,-20.2689,-50.5458,65.79,78,60,3.49,light rain
367,Safranbolu,TR,41.2508,32.6942,52.99,73,72,1.57,broken clouds
368,Honiara,SB,-9.4333,159.95,86.2,67,100,4.29,overcast clouds
369,Iralaya,HN,15.0,-83.2333,78.75,81,1,3.04,clear sky
370,Morant Bay,JM,17.8815,-76.4093,83.82,86,85,9.44,overcast clouds
371,Chernyshevskiy,RU,63.0128,112.4714,45.34,82,75,2.55,broken clouds
372,Salinopolis,BR,-0.6136,-47.3561,78.76,88,91,10.31,moderate rain
373,Northam,GB,51.0333,-4.2167,54.61,84,100,5.28,overcast clouds
374,Douglas,US,41.3,-96.167,79.68,32,0,11.5,clear sky
375,Dotnuva,LT,55.35,23.9,48.88,89,100,8.77,overcast clouds
376,Sulangan,PH,11.1373,123.7228,82.54,76,100,6.44,overcast clouds
377,Envira,BR,-7.3,-70.2167,72.75,97,59,0.98,broken clouds
378,Beloha,MG,-25.1667,45.05,63.86,94,3,5.57,clear sky
379,Bonfim,BR,3.0833,-59.95,80.02,74,73,7.14,broken clouds
380,Uruzgan,AF,32.8333,66.0,63.72,30,3,2.57,clear sky
381,Bereda,ES,43.2686,-7.5406,54.25,99,100,2.35,overcast clouds
382,Nguruka,TZ,-5.1092,31.0419,64.38,85,98,1.21,overcast clouds
383,Innisfail,AU,-17.5333,146.0333,79.14,68,0,2.86,clear sky
384,Vila Velha,BR,-20.3297,-40.2925,76.95,69,75,3.44,broken clouds
385,Norman Wells,CA,65.282,-126.8329,39.24,65,100,21.85,overcast clouds
386,Imbituba,BR,-28.24,-48.6703,69.85,95,100,5.01,moderate rain
387,Marawi,PH,7.9986,124.2928,77.22,76,97,0.56,overcast clouds
388,Buchanan,LR,5.8808,-10.0467,78.4,91,100,6.58,overcast clouds
389,Charters Towers,AU,-20.1,146.2667,76.28,41,0,4.76,clear sky
390,Debar,MK,41.525,20.5275,57.24,92,100,2.66,overcast clouds
391,Linhares,BR,-19.3911,-40.0722,69.08,86,59,3.06,broken clouds
392,Bhabua,IN,25.05,83.6167,90.03,41,55,5.93,broken clouds
393,Honavar,IN,14.2833,74.45,81.1,83,100,7.09,overcast clouds
394,Chiredzi,ZW,-21.05,31.6667,61.09,74,0,1.86,clear sky
395,Surab,PK,28.4914,66.2585,62.85,32,0,7.52,clear sky
396,Champerico,GT,14.3,-91.9167,81.14,69,8,6.87,clear sky
397,Ostrovnoy,RU,68.0531,39.5131,36.86,78,57,5.01,broken clouds
398,Brattvag,NO,62.6002,6.4434,46.44,100,100,11.5,light rain
399,Kaabong,UG,3.4836,34.1492,65.39,75,100,11.7,overcast clouds
400,Roma,US,43.2128,-75.4557,73.54,82,100,9.22,overcast clouds
401,Turukhansk,RU,65.8167,87.9833,54.59,68,84,5.88,broken clouds
402,San Juan De Los Morros,VE,9.9115,-67.3538,77.63,64,100,1.72,overcast clouds
403,Gryazovets,RU,58.88,40.2525,39.31,98,76,6.76,broken clouds
404,Ust-Kuyga,RU,70.0167,135.6,22.68,80,60,5.91,broken clouds
405,Kandra,IN,22.85,86.05,82.0,74,75,0.0,haze
406,Cocorit,MX,27.5833,-109.9667,94.5,10,99,14.12,overcast clouds
407,Pantai Remis,MY,4.4557,100.6288,77.02,83,100,3.96,light rain
408,Ayagoz,KZ,47.9714,80.4392,58.35,76,100,13.29,light rain
409,Saint-Pierre,RE,-21.3393,55.4781,67.68,68,0,8.05,clear sky
410,Sooke,CA,48.3746,-123.7276,58.19,80,93,4.61,overcast clouds
411,Kindu,CD,-2.95,25.95,69.37,94,34,1.34,light rain
412,Guthrie,US,35.8789,-97.4253,88.88,55,0,5.75,clear sky
413,Faanui,PF,-16.4833,-151.75,81.72,65,0,11.74,clear sky
414,Karratha,AU,-20.7377,116.8463,75.9,39,0,21.05,clear sky
415,Dutse,NG,11.7594,9.3392,83.7,37,86,8.14,overcast clouds
416,Botshabelo,ZA,-29.2702,26.7052,38.57,33,0,3.85,clear sky
417,Micheweni,TZ,-4.9667,39.8333,76.78,87,54,10.76,moderate rain
418,Iberia,US,29.9502,-91.7507,82.47,61,20,8.05,light rain
419,Clarence Town,AU,-32.5833,151.7833,72.81,70,99,4.92,overcast clouds
420,Aykhal,RU,66.0,111.5,36.37,99,100,3.78,overcast clouds
421,Calabar,NG,4.9517,8.322,76.12,93,65,2.71,light rain
422,China,MX,25.7,-99.2333,87.24,40,0,23.64,clear sky
423,Kwinana,AU,-32.25,115.7667,58.17,88,100,5.03,overcast clouds
424,Launceston,AU,-41.45,147.1667,58.64,93,100,17.27,overcast clouds
425,Vao,NC,-22.6667,167.4833,73.71,71,62,16.26,broken clouds
426,Chicama,PE,-7.8447,-79.1469,61.34,78,47,6.26,scattered clouds
427,Dali,CN,25.7,100.1833,62.65,88,100,4.47,overcast clouds
428,Kailua,US,21.4022,-157.7394,84.18,61,20,16.11,few clouds
429,Rio Gallegos,AR,-51.6226,-69.2181,39.25,87,20,3.44,few clouds
430,Varhaug,NO,58.6147,5.6457,48.85,92,51,8.08,broken clouds
431,Kubuta,SZ,-26.8833,31.4833,63.66,88,100,2.95,light rain
432,Beringovskiy,RU,63.05,179.3167,42.1,79,100,4.99,overcast clouds
433,Mantua,IT,45.1667,10.7833,67.15,83,67,1.99,broken clouds
434,Gambela,ET,8.25,34.5833,72.37,90,98,3.29,moderate rain
435,Tupi Paulista,BR,-21.3811,-51.5706,65.88,88,100,4.68,light rain
436,Nioro,GM,13.35,-15.75,79.45,55,1,9.86,clear sky
437,Pankovka,RU,58.5,31.1999,46.53,90,100,3.89,overcast clouds
438,Road Town,VG,18.4167,-64.6167,80.64,74,40,12.66,scattered clouds
439,Roosendaal,NL,51.5308,4.4653,57.99,80,75,5.75,broken clouds
440,Neuquen,AR,-38.9516,-68.0591,42.69,70,0,0.0,clear sky
441,Half Moon Bay,US,37.4636,-122.4286,84.88,76,0,24.16,clear sky
442,Great Bend,US,38.3645,-98.7648,68.13,77,100,3.44,light rain
443,San Ramon,US,37.7799,-121.978,89.49,46,0,13.8,clear sky
444,Ati,TD,13.2154,18.3353,84.29,48,10,9.01,clear sky
445,Altay,CN,47.8667,88.1167,63.57,29,100,5.23,overcast clouds
446,Ambilobe,MG,-13.2,49.05,66.38,90,0,3.74,clear sky
447,Kysyl-Syr,RU,63.8986,122.7617,34.34,53,13,7.23,few clouds
448,Puerto Escondido,MX,15.85,-97.0667,84.31,74,17,6.17,few clouds
449,Ozieri,IT,40.586,9.0012,59.92,65,81,2.21,broken clouds
450,Matara,LK,5.9485,80.5353,77.85,90,100,13.62,light rain
451,Sakaiminato,JP,35.55,133.2333,62.58,63,75,3.44,broken clouds
452,Ngunguru,NZ,-35.6167,174.5,68.77,66,100,9.98,overcast clouds
453,Sitka,US,57.0531,-135.33,49.89,66,100,10.36,overcast clouds
454,Yumen,CN,40.2833,97.2,56.75,21,0,10.13,clear sky
455,Belle Fourche,US,44.6714,-103.8522,65.32,27,100,5.55,overcast clouds
456,Itaguai,BR,-22.8522,-43.7753,73.02,78,100,5.75,overcast clouds
457,Khuzhir,RU,53.1939,107.3397,40.86,65,84,2.73,broken clouds
458,Goure,NE,13.9835,10.2704,78.76,15,17,6.26,few clouds
459,Venado Tuerto,AR,-33.7456,-61.9688,57.76,29,100,9.31,moderate rain
460,Akonolinga,CM,3.7667,12.25,68.45,99,100,1.83,overcast clouds
461,Kyren,RU,51.6828,102.1408,61.54,27,53,0.92,broken clouds
462,Tsuruga,JP,35.6455,136.0558,62.29,50,100,4.79,overcast clouds
463,Outram,MY,1.2829,103.8379,86.02,85,75,4.61,broken clouds
464,Mahajanga,MG,-15.7167,46.3167,69.82,78,20,4.61,few clouds
465,Hvolsvollur,IS,63.7533,-20.2243,45.14,82,100,6.11,overcast clouds
466,Oksfjord,NO,70.2396,22.3479,39.38,100,100,3.91,light rain
467,Chegutu,ZW,-18.1302,30.1407,53.02,57,0,6.46,clear sky
468,George,ZA,-33.963,22.4617,45.95,93,0,2.3,clear sky
469,Matelandia,BR,-25.2408,-53.9964,59.07,98,100,4.99,moderate rain
470,Leh,IN,34.1667,77.5833,47.08,33,0,3.6,clear sky
471,Laramie,US,41.3114,-105.5911,63.55,23,75,27.63,broken clouds
472,Bilibino,RU,68.0546,166.4372,35.01,100,100,7.99,light snow
473,Malakwal,PK,32.5536,73.2123,87.6,8,9,5.39,clear sky
474,Verkhnevilyuysk,RU,63.4453,120.3167,40.82,48,29,3.13,scattered clouds
475,Seoul,KR,37.5683,126.9778,63.79,38,0,6.91,clear sky
476,Longido,TZ,-2.7333,36.6833,60.33,92,44,4.94,scattered clouds
477,Barranco,PA,9.5167,-82.7,78.49,90,100,1.39,overcast clouds
478,Douazeci Si Trei August,RO,43.9167,28.5833,63.32,76,100,9.46,overcast clouds
479,Shenjiamen,CN,29.9576,122.298,55.08,74,100,3.38,overcast clouds
480,Nuuk,GL,64.1835,-51.7216,25.41,93,100,10.36,light snow
481,Maumere,ID,-8.6199,122.2111,83.8,68,22,3.6,few clouds
482,Lisakovsk,KZ,52.5369,62.4936,50.74,77,36,7.16,scattered clouds
483,Luanda,AO,-8.8368,13.2343,75.2,88,0,2.3,clear sky
484,Klaksvik,FO,62.2266,-6.589,49.12,92,99,8.37,overcast clouds
485,Peniche,PT,39.3558,-9.3811,65.08,87,100,13.24,overcast clouds
486,Samarai,PG,-10.6167,150.6667,84.49,69,4,4.38,clear sky
487,Kisangani,CD,0.5167,25.2,70.75,98,100,1.01,overcast clouds
488,Pedernales,DO,18.0384,-71.744,80.28,74,100,10.0,overcast clouds
489,Sefophe,BW,-22.1833,27.9667,60.44,46,5,3.67,clear sky
490,Jasper,US,37.2001,-94.3502,86.05,51,20,0.0,few clouds
491,Giyon,ET,8.5333,37.9833,59.92,38,70,5.99,broken clouds
492,Sile,TR,41.1754,29.6133,61.47,60,63,1.99,broken clouds
493,Watsa,CD,3.0372,29.5355,63.97,95,100,2.91,overcast clouds
494,Griffith,US,41.5284,-87.4237,79.29,50,0,5.75,clear sky
495,Iskateley,RU,67.6803,53.1512,36.43,93,57,11.41,broken clouds
496,Otane,NZ,-39.8833,176.6333,61.02,86,100,1.54,overcast clouds
497,Bagdarin,RU,54.4333,113.6,54.41,36,13,8.08,few clouds
498,Kjollefjord,NO,70.9457,27.3465,39.25,89,100,5.57,overcast clouds
499,Juneau,US,58.3019,-134.4197,52.84,79,75,11.5,shower rain
500,Erenhot,CN,43.6475,111.9767,58.42,18,18,15.46,few clouds
501,Whitianga,NZ,-36.8333,175.7,65.71,83,96,12.46,light rain
502,Te Anau,NZ,-45.4167,167.7167,56.5,70,18,0.54,few clouds
503,Taraza,CO,7.5836,-75.4007,77.22,96,89,1.97,overcast clouds
504,Lompoc,US,34.6391,-120.4579,83.01,65,0,16.11,clear sky
505,Maniitsoq,GL,65.4167,-52.9,27.43,63,80,9.06,broken clouds
506,Oranjestad,AW,12.524,-70.027,82.35,69,20,23.02,few clouds
507,Kirakira,SB,-10.4544,161.9205,85.24,69,98,4.61,overcast clouds
508,Upata,VE,8.0086,-62.3989,80.19,76,42,6.26,scattered clouds
509,Bitung,ID,1.4451,125.1824,81.45,88,100,10.16,overcast clouds
510,Beinamar,TD,8.6698,15.3813,80.13,56,41,2.37,scattered clouds
511,Razam,IN,18.4667,83.6667,83.8,79,21,7.29,few clouds
512,Valparaiso,CL,-33.0393,-71.6273,55.47,84,0,2.3,clear sky
513,Paita,PE,-5.0892,-81.1144,67.64,79,92,14.41,overcast clouds
514,Leningradskiy,RU,69.3833,178.4167,35.15,98,100,15.37,overcast clouds
515,Poum,NC,-20.2333,164.0167,77.47,75,96,16.22,overcast clouds
516,Fort Nelson,CA,58.8053,-122.7002,47.79,71,75,9.22,broken clouds
517,Ler,SS,8.3018,30.1418,80.26,57,10,2.71,light rain
518,Catemaco,MX,18.4167,-95.1167,75.78,75,5,7.05,clear sky
519,Tautira,PF,-17.7333,-149.15,80.56,71,7,13.13,clear sky
520,Diebougou,BF,10.9667,-3.25,85.42,58,10,8.16,clear sky
521,Elko,US,41.0002,-115.5012,73.42,30,66,13.29,broken clouds
522,Lewistown,US,40.5992,-77.5714,67.8,100,91,3.22,overcast clouds
523,Miramar,US,25.9873,-80.2323,82.42,74,75,9.22,broken clouds
524,Snasa,NO,64.2457,12.3778,39.69,88,100,12.75,overcast clouds
525,Vostochnyy,RU,55.8167,37.8667,48.47,83,97,5.88,overcast clouds
526,Sisophon,KH,13.5859,102.9737,84.94,72,92,6.35,overcast clouds
527,Gizo,SB,-8.103,156.8419,83.98,69,55,0.81,broken clouds
528,Manzanillo,CU,20.3433,-77.1167,76.48,79,16,5.66,few clouds
529,Skaelskor,DK,55.2506,11.2935,49.17,83,10,12.91,clear sky
530,Balkanabat,TM,39.5108,54.3671,69.1,35,41,13.51,scattered clouds
531,Kingisepp,RU,59.3733,28.6134,41.88,98,95,5.53,overcast clouds
532,Mecca,SA,21.4267,39.8261,89.37,15,0,7.27,clear sky
533,Pitiquito,MX,30.7,-112.0833,96.21,7,0,17.34,clear sky
534,Siaya,KE,0.0612,34.2882,62.49,89,12,3.09,few clouds
535,Tingi,TZ,-11.3,35.0333,58.5,83,38,2.24,scattered clouds
536,Tarakan,ID,3.3,117.6333,80.1,83,20,5.75,few clouds
537,Gobabis,NA,-22.45,18.9667,57.78,31,0,7.7,clear sky
538,Labuan,MY,5.2767,115.2417,86.36,79,20,3.44,few clouds
539,Tungor,RU,53.3808,142.9564,33.12,100,100,11.97,light snow
540,Cloquet,US,46.7216,-92.4594,67.39,34,0,10.36,clear sky
541,Dubbo,AU,-32.25,148.6167,66.33,100,100,1.14,overcast clouds
542,Kushima,JP,31.4583,131.2333,68.9,67,100,0.45,overcast clouds
543,Abnub,EG,27.2696,31.1511,73.62,38,100,19.08,overcast clouds
544,Okhotsk,RU,59.3833,143.3,37.4,93,100,19.15,light rain
545,Palana,RU,59.1167,159.9667,41.41,83,92,8.01,overcast clouds
546,Sept-Iles,CA,50.2001,-66.3821,52.05,62,75,3.44,broken clouds
547,Southbridge,US,42.0751,-72.0334,72.21,85,100,1.99,overcast clouds
548,Meridian,US,43.6121,-116.3915,72.16,46,0,10.36,clear sky
549,Miyako,JP,39.6367,141.9525,57.74,53,100,4.52,overcast clouds
550,Laguna,US,38.421,-121.4238,91.76,21,0,11.5,clear sky
551,Champa,IN,22.05,82.65,89.82,35,40,4.68,scattered clouds
552,Kavaratti,IN,10.5669,72.642,80.62,82,100,20.42,moderate rain
553,Huarmey,PE,-10.0681,-78.1522,64.42,85,36,6.82,scattered clouds
554,Dalbandin,PK,28.8947,64.4101,72.28,28,0,7.94,clear sky
555,Iracoubo,GF,5.4802,-53.2011,78.48,89,100,9.6,overcast clouds
556,Mangai,CD,-4.05,19.5333,69.62,99,99,1.05,overcast clouds
557,Aberdeen,GB,57.1437,-2.0981,46.54,93,100,3.44,overcast clouds
558,Mpulungu,ZM,-8.7623,31.1141,68.41,76,2,6.69,clear sky
559,Cazones,MX,20.7167,-97.3167,78.28,73,29,9.55,scattered clouds
560,Galeana,MX,24.8333,-100.0667,69.26,40,5,9.78,clear sky
561,Akdepe,TM,42.0551,59.3788,57.29,32,1,7.09,clear sky
562,Havre-Saint-Pierre,CA,50.2334,-63.5986,53.6,35,0,11.5,clear sky
563,Swift Current,CA,50.2834,-107.8014,54.41,62,75,9.22,broken clouds
564,Moindou,NC,-21.6924,165.677,78.89,63,67,3.85,broken clouds
565,Wana,PK,32.2989,69.5725,75.94,15,8,10.54,clear sky
566,Kampene,CD,-3.6,26.6667,68.41,93,100,0.89,light rain
567,Mezen,RU,65.8522,44.24,39.15,96,100,7.43,overcast clouds
568,Parkes,AU,-33.1333,148.1833,65.35,95,100,4.72,light rain
569,Dunedin,NZ,-45.8742,170.5036,52.81,84,90,8.99,overcast clouds
570,Xingyi,CN,24.1877,102.817,57.52,93,100,4.43,overcast clouds
571,Astoria,US,46.1879,-123.8313,55.56,93,100,11.5,mist
572,Hegang,CN,47.4,130.3667,45.28,83,100,12.82,overcast clouds
573,Porto Novo,BJ,6.4965,2.6036,82.22,84,49,5.21,scattered clouds
574,Miles City,US,46.4083,-105.8406,63.57,34,20,13.8,few clouds
575,Bambanglipuro,ID,-7.95,110.2833,82.31,80,100,1.72,overcast clouds
576,La Paz,BO,-16.5,-68.15,49.98,31,20,3.44,few clouds
577,Ilo,PE,-17.6394,-71.3375,64.33,83,19,6.11,few clouds
578,Sawtell,AU,-30.3833,153.1,76.19,88,100,5.75,overcast clouds
579,Pitea,SE,65.3172,21.4794,42.89,80,57,9.71,broken clouds
580,Giyani,ZA,-23.3025,30.7187,64.4,63,2,5.06,clear sky
581,Methoni,GR,36.8197,21.7049,65.21,86,43,9.4,scattered clouds
582,Catamarca,AR,-28.4696,-65.7852,66.78,65,87,5.17,overcast clouds
583,Vancouver,CA,49.2497,-123.1193,58.28,85,75,5.75,light rain
584,Duobao,CN,30.67,112.6895,65.17,57,96,11.92,overcast clouds
585,Altamira,BR,-3.2033,-52.2064,73.26,99,99,2.06,overcast clouds
586,Tchibanga,GA,-2.85,11.0333,72.39,99,100,1.3,overcast clouds
587,Buraydah,SA,26.326,43.975,75.65,13,0,9.91,clear sky
588,Paciran,ID,-6.8767,112.3761,82.72,80,100,4.99,overcast clouds
589,Warrington,GB,53.3925,-2.5802,60.33,76,0,3.44,clear sky
590,Sao Miguel Do Araguaia,BR,-13.275,-50.1628,75.94,50,14,2.73,few clouds
591,Mattawa,US,46.7379,-119.9028,70.02,73,56,5.99,broken clouds
592,Shingu,JP,33.7333,135.9833,71.64,33,79,3.2,broken clouds
593,Baiyin,CN,36.5583,104.2081,50.61,42,100,4.36,overcast clouds
594,Walvis Bay,NA,-22.9575,14.5053,56.08,87,0,2.3,clear sky
595,Cooma,AU,-36.2333,149.1333,55.54,90,100,6.06,overcast clouds
596,Manggar,ID,-2.8833,108.2667,85.93,70,100,6.96,overcast clouds
597,Kangaatsiaq,GL,68.3065,-53.4641,17.74,89,19,4.7,few clouds
598,Urkut,HU,47.085,17.6439,58.33,68,0,2.21,clear sky
599,North Platte,US,41.1239,-100.7654,70.12,41,0,8.99,clear sky
600,La Rioja,ES,42.25,-2.5,49.78,89,59,6.85,broken clouds
601,Ketchikan,US,55.3422,-131.6461,52.27,66,40,10.36,scattered clouds
602,Bulgan,MN,48.8125,103.5347,55.8,20,8,3.51,clear sky
603,Hambantota,LK,6.1241,81.1185,77.34,100,40,3.44,scattered clouds
604,Mehamn,NO,71.0357,27.8492,31.91,92,100,6.73,overcast clouds
605,San Angelo,US,31.4638,-100.437,97.02,22,0,10.36,clear sky
606,Pitimbu,BR,-7.4706,-34.8086,77.59,83,18,9.62,few clouds
607,Placido De Castro,BR,-10.3353,-67.1856,74.57,92,99,1.59,overcast clouds
608,Catio,GW,11.2833,-15.25,77.58,82,68,5.19,broken clouds
609,Susanville,US,40.4163,-120.653,76.84,28,0,11.99,clear sky
610,Jinxiang,CN,27.4327,120.6062,55.99,89,100,14.83,overcast clouds
611,Fildu De Jos,RO,46.9333,23.0667,48.99,76,84,4.27,broken clouds
612,Madang,PG,-5.2246,145.7966,83.84,69,97,2.57,overcast clouds
613,Maoming,CN,21.65,110.9,79.65,87,96,4.92,overcast clouds
614,Chegdomyn,RU,51.1167,133.0167,43.9,74,100,4.34,overcast clouds
615,Coquimbo,CL,-29.9533,-71.3436,55.13,94,100,3.44,overcast clouds
616,El Vigia,VE,8.6219,-71.6506,77.94,87,99,4.83,overcast clouds
617,Pyapon,MM,16.2833,95.6833,83.7,74,23,4.61,few clouds
618,Vostok,RU,46.4856,135.8833,46.9,62,78,13.98,broken clouds
619,Chapleau,CA,47.8405,-83.4034,66.29,63,100,8.05,overcast clouds
620,Banjar,ID,-8.19,114.9675,84.49,66,42,2.39,scattered clouds
621,Pavlovka,RU,52.6897,47.1405,44.92,92,31,4.85,scattered clouds
622,Moron,AR,-34.6534,-58.6198,58.75,49,100,5.61,overcast clouds
623,Suhbaatar,MN,50.2314,106.2078,60.78,25,8,5.37,clear sky
624,Salta,AR,-24.7859,-65.4117,59.59,82,75,8.05,broken clouds
625,Konibodom,TJ,40.2843,70.4426,62.17,73,100,4.65,light rain
626,Luebo,CD,-5.35,21.4167,71.89,74,42,0.63,scattered clouds
627,Diban,SY,35.0365,40.5167,74.55,38,28,6.17,scattered clouds
628,Batemans Bay,AU,-35.7167,150.1833,64.09,78,100,2.77,light rain
629,Rivers,CA,50.0308,-100.2403,49.15,76,100,13.65,overcast clouds
630,Colesberg,ZA,-30.72,25.0972,45.75,75,0,7.99,clear sky
631,Alnashi,RU,56.1874,52.4792,45.72,94,100,7.38,overcast clouds
632,Tarko-Sale,RU,64.9225,77.785,54.39,79,100,10.36,overcast clouds
633,Yaring,TH,6.8662,101.3689,83.28,82,74,3.94,broken clouds
634,Katherine,AU,-14.4667,132.2667,82.72,61,0,3.44,clear sky
635,Saint-Ambroise,CA,48.5501,-71.3324,73.22,37,100,5.75,overcast clouds
636,Maturin,VE,9.75,-63.1767,77.74,70,100,7.81,overcast clouds
637,Halifax,CA,44.6453,-63.5724,61.52,74,100,9.22,overcast clouds
638,Sorland,NO,67.667,12.6934,42.66,87,98,23.69,light rain
639,Sovetskiy,RU,61.3614,63.5842,46.15,86,100,12.55,light rain
640,Waitara,NZ,-38.925,174.25,65.5,93,100,20.6,light rain
641,Cotonou,BJ,6.3654,2.4183,82.38,83,40,8.05,scattered clouds
642,Monrovia,LR,6.3005,-10.7969,80.26,84,100,7.4,light rain
643,Oktyabrskoye,RU,43.0645,44.7417,46.54,93,0,6.71,clear sky
644,Eldoret,KE,0.5204,35.2699,53.69,87,0,3.44,clear sky
645,Sao Joao Da Barra,BR,-21.6403,-41.0511,73.15,71,100,7.7,overcast clouds
646,San Quintin,MX,30.4833,-115.95,69.57,57,0,9.66,clear sky
647,General Cepeda,MX,25.3833,-101.45,80.08,37,29,16.22,scattered clouds
648,Goderich,CA,43.7501,-81.7165,66.52,68,98,10.36,overcast clouds
649,Saint-Augustin,CA,51.226,-58.6502,47.59,68,100,14.92,overcast clouds
650,Bardiyah,LY,31.7561,25.0865,63.5,88,0,9.78,clear sky
651,Exeter,GB,50.7236,-3.5275,54.79,95,100,4.03,overcast clouds
652,Quixada,BR,-4.9714,-39.0153,73.45,92,95,3.98,overcast clouds
653,Netanya,IL,32.3329,34.8599,73.94,78,100,6.04,overcast clouds
654,Mbanza-Ngungu,CD,-5.25,14.8667,68.23,96,42,1.48,scattered clouds
655,Vallenar,CL,-28.5708,-70.7581,60.06,53,0,0.78,clear sky
656,Shitanjing,CN,39.2342,106.3439,54.73,14,0,6.89,clear sky
657,Kulhudhuffushi,MV,6.6221,73.07,83.77,72,100,20.71,overcast clouds
658,Awjilah,LY,29.1081,21.2869,67.24,49,0,8.66,clear sky
659,Houma,US,29.5958,-90.7195,82.0,69,0,4.61,clear sky
660,Sandwick,GB,60.0,-1.25,48.02,100,100,5.75,overcast clouds
661,Teruel,ES,40.6667,-0.6667,55.11,69,36,6.93,scattered clouds
662,Saryg-Sep,RU,51.5,95.6,58.89,27,9,3.13,clear sky
663,Sijunjung,ID,-0.6876,100.9537,79.66,83,16,1.25,few clouds
664,Sayat,TM,38.7839,63.8803,58.87,30,0,8.68,clear sky
665,Necochea,AR,-38.5473,-58.7368,48.34,77,8,11.32,clear sky
666,Moose Factory,CA,51.2585,-80.6094,66.2,72,0,6.91,clear sky
667,Nantucket,US,41.2835,-70.0995,60.03,98,100,8.05,fog
668,San Rafael,AR,-34.6177,-68.3301,50.85,33,100,4.74,overcast clouds
669,Jacksonville Beach,US,30.2947,-81.3931,77.27,84,0,11.5,clear sky
670,Bari,IT,41.1177,16.8512,67.86,76,0,4.61,clear sky
671,Pandan,PH,14.0453,124.1694,86.22,68,66,9.22,broken clouds
672,Kenai,US,60.5544,-151.2583,56.03,35,40,10.36,scattered clouds
673,Ulaangom,MN,49.9811,92.0667,61.7,16,0,1.3,clear sky
674,Banda Aceh,ID,5.5577,95.3222,83.07,78,35,5.64,scattered clouds
675,Antofagasta,CL,-23.65,-70.4,58.28,80,43,4.43,scattered clouds
676,Rocha,UY,-34.4833,-54.3333,51.12,95,76,5.5,broken clouds
677,Iraquara,BR,-12.2486,-41.6194,71.31,77,100,5.64,overcast clouds
678,Melfort,CA,52.8667,-104.6177,50.13,62,99,9.22,overcast clouds
679,Bollnas,SE,61.3482,16.3946,42.48,63,9,9.6,clear sky
680,Polikhronon,GR,40.0166,23.5283,64.69,85,87,6.04,overcast clouds
681,Sicuani,PE,-14.2694,-71.2261,46.09,64,16,3.94,few clouds
682,Narsingi,IN,18.0333,78.4333,84.47,58,20,7.36,few clouds
683,San Andres,CO,12.5847,-81.7006,80.62,89,75,6.91,broken clouds
684,Verkh-Usugli,RU,52.7,115.1667,55.49,34,9,2.68,clear sky
685,Zhanaozen,KZ,43.3,52.8,58.46,49,100,9.6,overcast clouds
686,Chik,RU,54.9928,82.4311,60.87,51,77,6.71,broken clouds
687,Friesach,AT,46.9553,14.4058,57.2,94,5,3.62,clear sky
688,Pacific Grove,US,36.6177,-121.9166,72.88,71,0,8.99,clear sky
689,Port Lincoln,AU,-34.7333,135.8667,64.0,72,42,24.43,scattered clouds
690,Elizabeth City,US,36.2946,-76.2511,70.02,90,86,6.89,overcast clouds
691,Yuzha,RU,56.5831,42.0122,39.83,97,16,5.64,few clouds
